1,5c0eaa22-9123-4782-9087-44bb9be62031,inaba_hikaru
2,6162167c-5030-4b55-a44e-769c6f6842f3,fukusi_nobuki
3,531b0c1b-9f5d-45ef-9e9a-b8e74e0830d5,akiyama_taiga
4,7d60b453-7d54-4288-9957-fdfcf6eac7ea,tomioka_kento
5,2ec65a4b-5b53-41d4-a4a8-48a5a26a1532,koshioka_yuki
6,8a33394b-0215-46e8-b219-6df6cdc61f28,matuzaki_yusuke
7,a5a7aab6-a991-4c40-a6b3-9d35bfe53d99,fukuda_yuta
8,165d5355-b234-4ec7-ade7-aa862bce7d3d,fukazawa_tatuya
9,b8ca6999-696f-4f43-a60b-7a124b994177,sakuma_daisuke
10,72420d3d-1591-4e11-8c9e-6cfb5fc38583,watanabe_syota
11,ea8943f8-c1dc-4a8d-b8b5-62c0d5a9746b,miyadate_ryota
12,52338097-7a9a-4cc7-b7d3-0bdb74c4fa22,miyamoto_hikaru
13,6f7aa42a-3999-4ab0-9474-2f37ef1717a0,abe_ryohei
14,bcf6a6f3-8c18-4eca-bdc4-260625b65e17,kawasima_noeru
15,20081a37-5d5b-4453-9f01-870fb37e00c4,simekake_tatuya
16,7a1b0c83-4b77-40ae-88b6-2740c4714526,morita_myuto
17,320318fb-0ae6-4251-8d0c-e5eed2ed59c2,yosizawa_sizuya
18,f9677841-eabc-4a5d-822f-0665c9d61586,nakamura_kaito
19,28081f25-a7a0-4304-9bf2-90344c79d0e0,miyatika_kaito
20,3aa5b2ba-943c-45c3-b0f1-3cb7e3ae663c,kajiyama_asahi
21,28361665-29e7-4a15-83d4-843eaf612f40,kouti_yugo
22,97608820-c9c2-4140-b53d-7a71ac67ccb1,kyomoto_taoga
23,6b107799-b412-4b27-afad-54d9eb4a05aa,tanaka_zyuri
24,8c8c4cc1-39ce-444b-8f7f-9253697d0fb1,matumura_hokuto
25,72db9625-ceaf-4833-944f-58316e6a7a75,jesi-
26,1223b5b9-70e9-49bd-8715-58a54b2d7e9d,morimoto_sintaro
27,561f1266-852f-4ba3-abd3-e66cf43aacaa,hirano_syo
28,f325edbd-7f45-42b3-b57f-d112c342a4cc,nagase_ren
29,3e7a6b60-13a3-4749-afa6-0f0d08274d98,takahashi_kaito
30,d8c1444b-5292-4db8-9fe1-6f97aee33589,kishi_yuta
31,12e480ce-1eb4-410c-8805-10b92892f8af,hiwahashi_genki
32,0845fa33-75c0-45f6-b78f-add13f26aefb,jinguji_yuta
33,b97ab6e8-f720-4ad3-8b44-1831e74a72d7,hashimoto_ryo
34,7ff7119b-a2cf-41a5-8187-e9ac69ca1ea8,inoue_mizuki
35,0f8c771a-be20-406d-927a-cafada8d67ec,igari_souya
36,9d132f22-1fb4-47aa-bb94-17223ff129ad,takahashi_yuto
37,8685db46-cb33-4825-aaa0-82cd1ddcd709,takahashi_katuki
38,3ee7f391-0034-42d5-881b-0dc337d09f0e,kimura_ryota
39,ccd9c66f-6180-48d5-b062-e7d0be8a6d2e,suda_rinne
40,ee10bf5b-ff60-4219-b85f-6bf1033499c6,yasui_kentaro
41,1858e40c-3693-4c18-9720-991628f55844,sanada_yuma
42,e9056e47-07ed-46a8-89b6-b1809ef56d50,morohoshi_syoki
43,bea50301-de5a-468a-9024-ccd01ced303a,hagiya_keigo
44,3ffb851c-7dd8-42e4-942e-c574c39f46ed,abe_aran
45,8864cbe4-5cbb-4ddb-985b-b816f2e4f2bd,nagatuma_reo
46,cb249014-d78e-417a-a38e-911591d232d2,yamamoto_ryota
47,09ee5c63-4e8f-414a-8b6e-648458fd4450,eta_tuyoshi
48,a1846d7e-4ac7-4bc2-9cd0-ef1e8ee6e9f0,hayashi_syota
49,853f27ef-6e8f-4cb6-a52e-df45c32d3dba,matumoto_kota
50,8c82d576-f13b-4ac0-b713-7e29b2a48ea8,meguro_ren
51,570270da-1d4d-413a-ab99-c139378bda01,hara_yoshitaka
52,19e37b61-1c0e-4034-8469-eccaeb5ae394,fuji_naoki
53,ee5702bc-a63a-4b6c-8da3-59e63d7a9613,nasu_yuto
54,92f66dce-390f-499b-9433-a272b3b7d207,ukisyo_hidaka
55,e1696aec-d7c1-47c6-9005-f69b4922f6e1,iwasaki_taisyo
56,051913bc-74b5-4471-8f2c-12dba9e83c7c,sato_ryuga
57,1fdd57d4-5086-4938-bbf9-0d2d46fe432f,kanasasi_issei
